,HYP_Erate_emr,HYP_Qrate_emr,scale_factor_Ep_temp,scale_factor_P_temp
0,2.01,66.3,1.0,1.0
1,1.853155545586079,169.43938916491362,1.0331653423001501,0.727364205333281
2,2.9357864006710015,138.99507278804305,1.2816373893290314,0.8405086861878821
3,2.9143605138817854,147.40318795435996,0.8000159571022829,0.7620345740097075
4,2.704588287583193,116.5475695368613,1.2864875323512333,0.7046244266188032
5,2.458102065513293,79.91426456507403,0.8453704873254355,1.0015577057477196
6,2.8054051311667996,84.9981167373235,0.7969712188666404,0.6329115054954699
7,1.642720891948105,92.94225403765233,0.676641464748238,0.8930717553871651
8,2.087936284981442,169.51725340902158,0.7105108876730186,0.938895981769881
9,2.066173524119234,99.33709902959409,1.2723905701513984,0.6004556983436822
10,2.2448233160128863,175.53725664331319,1.1368657401844202,0.8013533310181464
11,1.0543728546434283,102.46429744248138,1.3962376041752285,1.3202177997976037
12,2.006893416952826,71.4088201665761,1.0172664637925128,0.6474926304048868
13,1.8908537771171676,101.10385608472171,1.0785497638977735,0.6229691711461139
14,2.5981011833711714,112.94746951539149,0.8145321664671885,1.2995842552111885
15,2.6065950263913176,106.19431765517648,1.2769834333413264,0.6336144763623951
16,1.6799721278596123,119.63316042788851,1.0051324593187116,1.3966928865360857
17,1.0014041747554085,69.07264371297583,1.2191883572916018,1.0403381312674367
18,2.962839944271427,150.98200822112986,0.7110147759063606,0.834754479355489
19,1.8778854060791643,52.44667380586556,0.7452375850591177,1.0261875251757933
20,2.3381890422197964,85.20020878952695,1.163719763919842,1.0242224603102186
21,2.7585357629081466,182.09083324218594,1.2401856088085847,1.0600247578242359
22,1.1760377190442308,96.80849709277044,0.9846932889819506,1.1823015741356893
23,1.7305660179020534,133.65047354074028,0.8037888821372536,1.1182649767054254
24,2.6095673885906647,180.1486828772182,0.6973446117662113,0.6183015249773925
25,1.871654800014587,137.2196328902109,0.8717226941090224,0.607258452464067
26,1.392935979703629,132.31922671373565,0.6802992648006755,1.2626994282584127
27,1.6265675496878296,79.11204843314849,0.6407467926332061,1.342105186838362
28,2.5798184794065326,72.01185453305726,1.324673667004613,1.1396069046215853
29,2.938361899221184,59.03672034754539,0.7008780659534949,1.11806189463206
30,1.0651175601169598,64.13470711703314,0.9542093028283014,1.1047134610935077
31,2.8595807309627443,130.39056562145868,1.3003897185356719,0.7464559693471855
32,2.9209057241327585,122.11825900856822,1.0648767026056865,0.6652136818589689
33,1.0700070250402418,57.22180732073661,0.862473339300355,1.237641673875551
34,1.1133281183438979,196.54476875776663,1.1991579851623984,1.3437850914003482
35,1.8216711066666087,66.42186563027174,1.376606820395846,1.250657055847249
36,1.8600980657740038,125.67242544217076,0.8535804589579066,0.8241692063600093
37,1.6801664966776064,57.87752480959524,0.9731814159854091,0.6051244711729146
38,1.7367274381512516,55.08705760309518,1.300573354635473,1.2752113834909653
39,2.38041150688457,197.99958327076862,1.3686781902848062,1.299913988180559
40,1.7900305317748961,94.45651238785396,1.2651576338226995,1.0041901488396296
41,1.1695898948098589,116.88084379904451,1.1685297751904757,0.6984051215487072
42,1.4359592225732378,86.39689189835357,1.3980628399774353,0.7632820968969566
43,2.966149901823546,170.43677133890557,0.7430588940933647,1.122670055864016
44,2.813209412944219,172.69839336490924,1.1831537022498513,0.7547488889348758
45,2.0497574326936494,114.04005067916347,0.7863829262708634,0.9661230944526525
46,1.1404915662345576,158.53784541214725,0.9171181263240843,1.3818697615082685
47,1.4872071994091738,156.71228310789166,0.752014341372886,1.255005790904376
48,2.38628678202837,125.26525642367316,1.1893995780519186,0.9212076896233088
49,1.0525642126420816,154.34885352963698,1.328150224194474,0.997960454070376
50,2.8015686562091506,157.96189940648568,0.8120138128726602,1.2466065859241486
51,2.004583876710332,53.66880071515931,0.7467736362451304,1.194674392448165
52,1.1851894981999918,121.4853787778442,0.9712995163826519,0.7055473342621937
53,2.1020008491242694,189.64235444101695,1.1223497930031587,1.3540922505575432
54,1.771558679554736,108.11308477021174,0.9012077120400462,1.2681293318966724
55,1.4660919588748897,142.64112687153033,1.2881382417191931,0.8127857639017956
56,2.063822101860333,195.79187834823747,1.3738068993053747,0.6039530706062054
57,2.2227620510483126,172.23455594264567,0.846829241505331,0.9838652884407866
58,2.8972107417568083,135.75590275379204,1.0875066254081365,0.9498268545110038
59,2.5577091908392164,191.89330643172426,0.7684343362915869,0.8571699034552412
60,1.2862870083347222,75.55169351534425,0.8358336703879626,0.6782289248757709
61,2.728930459427046,116.99097543914148,0.7628526197360586,1.0611875998059854
62,1.074760860697445,104.56171235109274,0.733386392670957,0.9127159531372165
63,2.8002103451007443,151.17972554260132,0.9705685382651361,0.7921395152062343
64,1.5782631115110888,67.9888795524142,0.834254224489593,0.6947388024542117
65,2.642153750709351,55.78913423960596,0.7731026098541284,1.3075464361683538
66,1.2804049282751295,109.30238037774217,0.6967797733934967,0.6208764902786942
67,1.1127084653631285,80.96584124795461,0.7485866317527556,1.0854092079841564
68,1.5831153081167286,59.0743052738204,1.2708112712298956,0.8571505003921653
69,2.8940266233778775,171.2463517663992,0.6145200134802542,0.7587461572949628
70,1.3519054249512046,142.8045169639401,0.7739495372935498,1.3866639588186929
71,2.124716250617946,116.77452884048178,1.382659992640114,0.9652762688631041
72,2.6336691037637294,188.39493503369454,0.6285675954011171,0.6410626712738345
73,1.2181088121363635,181.77049304682365,1.0853344802300593,0.8802739883608365
74,2.0732302371858964,122.18121509728867,1.1590352332940395,0.8231374565597089
75,2.010093243792807,159.61226195035843,1.1854124557192827,0.6779029108988381
76,1.239934483071477,170.7181488258434,0.6180192920101054,0.9265704273567988
77,2.3207220827634742,51.92970378849465,1.2589670153017614,0.650797441571204
78,2.562036640370219,140.69342060056874,0.8593097931319859,0.7737175076807121
79,1.2202208048965062,189.12696721784064,1.2428939636557308,0.6672674077986318
80,1.16127597316349,113.39093660379741,0.9917397135524105,1.3376797033664767
81,2.9895733698628977,69.94940629054743,0.7556637809836637,0.8768944491810565
82,2.5451402957243783,134.35362975362062,1.0822793219969684,1.1769784775953052
83,1.8334922136656047,86.09715579707128,1.2376331245302894,0.9958341784431908
84,2.5418628786790918,78.47099514270359,0.9689082675769234,1.286764988939257
85,1.3636570769411454,142.4722855290213,1.09714826570594,1.3968985352124488
86,1.762780955673662,114.737473777993,0.744974574499583,0.8787037397504596
87,1.314120289464009,81.35342986990393,1.3456683965530287,0.8997524951543212
88,2.4548629058883584,88.23365865590071,1.2521338573847296,0.7754963498618908
89,1.9618672981334089,84.99896529181373,1.133321005792179,1.0634640771086925
90,2.571928696210122,53.293597939792484,1.0513248649074165,1.0492778406612373
91,2.821845736047978,116.1001343432089,1.2861846820992109,1.2779600453675706
92,1.3097925276808173,128.03381907103415,0.7827339876576286,0.6447252134439884
93,1.4873221080134744,83.59724577484957,1.2416948234365521,1.381138017889409
94,2.1836566207451584,177.27968710536567,1.1249941591585166,1.370367646040476
95,1.2365610944129346,130.21769246550429,0.7662211710961073,1.2669199597636007
96,1.8328819825467562,71.1173866752066,1.3785631255436774,1.1068959375284433
97,1.12184096630052,185.4791728383122,0.9349196447525299,0.6709886770017771
98,2.351624633054,118.66084638986155,0.8651658315817163,0.942357743167278
99,2.6619588362752173,91.96465868975355,0.8944859887315577,0.6244998458726901
100,2.6867130042353518,143.2810549454074,0.9907342021515269,1.2295363410637776
101,2.6170372872394876,68.8379870673904,1.1213770800938527,1.079132952197807
102,2.712040232786982,96.76323925305407,1.2758533563696168,0.8983197639181828
103,2.359958872172289,137.60048479531426,1.3525892996139417,1.366430464941033
104,1.3169043359868833,68.89022524481385,0.8247016196218988,1.375635996244096
105,1.9094219894530575,184.34420903074923,0.6948266441181314,0.7659242946028298
106,2.620144301215187,158.2008625874583,0.8810029939127394,0.9323269452896681
107,1.9544447037691621,174.29386865551302,0.9364979470665822,1.2165950045299392
108,2.7873994983500174,133.14004759558122,0.6375344024900265,0.6350235714449705
109,1.5112299778781473,152.00375088412366,1.0085320849083188,1.21971154163839
110,2.008229754309344,82.94309550661941,0.9557850174031165,0.7386348456339912
111,1.0392000405726454,95.22833152164114,1.3498851184774967,0.9325584417754921
112,1.3760322094700197,141.60850376973323,1.1906098406449541,1.3778947909716939
113,1.9267808688944563,76.55587840572703,0.7775756106179397,1.2430051931571797
114,1.3790101279225089,132.3580667176745,1.2611874190186008,1.0165878516247138
115,2.541508904351959,103.83181360869702,1.1829167406100023,0.8392693738773628
116,1.416078170758593,129.54852762775994,1.1957773258462425,1.2005761714710381
117,1.3987494713341262,165.85256545837026,0.8728624577637136,0.8184130761599406
118,1.288729913691379,74.55644470479179,1.2840628206461657,0.614804161151648
119,2.466632132882961,106.05896032252761,1.0745327345425135,1.2460880858763685
120,1.8461168761326183,195.65314841527902,1.2620580296414672,0.7205318265790219
121,1.7242857977415464,104.82776146861772,0.8140938204469799,0.983980112632727
122,2.5786699365596952,72.23028049041835,1.3162352555181964,1.3882032325624447
123,2.82160509306644,125.26488190668844,0.6573160466596006,1.0548004851111714
124,2.4577126837772703,77.87028616088547,1.3716108961173163,1.0537043029851805
125,1.90376637051868,53.833549562400364,1.3562718381396235,0.6314918311129557
126,2.797014324382295,73.55690497863978,1.3260726875266102,1.0485064948745453
127,1.3208949989188996,181.55206146173424,1.337618105027999,1.025200559865539
128,1.1112038170614391,67.72853706727423,1.1667182195831987,0.7764921652920949
129,1.5921354591150094,88.92191660151492,1.24764965415803,0.7081891819115839
130,1.9594233466906512,86.01935083486042,0.8311987184801144,0.626071518875856
131,1.6911596904050443,120.26152709422061,0.977045340244756,0.8807920785765138
132,2.103818563157593,56.35066390065908,0.60568088870825,1.072381676951116
133,1.7744861746825058,122.81876643285116,1.026595926962994,0.9881365443858511
134,2.5815455946320585,64.30663349316815,0.8265605595264718,0.6681849594890759
135,1.8077755349652609,70.62453622478955,1.3532177360747517,1.1843222519332395
136,2.523121557708367,191.68693809701125,0.9722383163439081,1.225943091881776
137,1.0131601443698246,184.11458002627322,0.8794018129098652,1.3555246421644132
138,1.5952650732060951,129.32690228287757,1.1831094373913609,1.173763719623654
139,1.7454678420829348,113.69955974378483,1.3061309212875465,1.3911426781884848
140,2.5363452612346586,138.18963447872918,0.926401922783315,1.2182031963733597
141,2.5374644797188046,153.28704686633026,1.3482422353064623,1.0225776338770014
142,1.5414080931752314,186.1807060144118,0.8347198474090671,0.8565093136786038
143,2.8480148764217033,67.56531820611096,0.6390835214535976,0.6392477129610464
144,1.0563956491836572,116.07836770164062,1.3041129527339512,1.181687125213531
145,2.2864445940194997,121.66116258791529,0.6812160005902579,0.8742824788470618
146,1.3843285379237158,184.5001300343769,0.8627155665047251,0.9246880049595222
147,1.2967996601250955,198.9555641272035,0.8284421718601724,0.6040702832092699
148,1.7879876755464288,180.3198359917879,0.9969202053138277,1.2855002226451235
149,2.460688909201001,111.2297307305921,0.9223315304853132,1.3719565131161355
150,2.7217134463531427,149.36045530766825,1.2415653062326708,0.7245980691067455
151,1.7560466198922589,171.49964592171557,1.176738972404845,0.8971314458234555
152,2.811648183601556,72.66729749401213,0.7660798717046582,1.2537904345583408
153,2.8307957454337993,56.39892741465161,1.2097261369819616,1.2464746641435962
154,2.3001584576460976,76.59009537592772,0.676052639879028,0.9400385134249323
155,1.369869410404686,75.85951961723032,1.021048636088923,1.011294468352006
156,1.9208496600462255,141.51202485908118,1.2542246572684697,0.9521820823081846
157,1.8133635763307265,54.99388072437916,1.1789202606408602,0.9379007441723275
158,2.5913529794480166,171.82076772852963,0.6611296384354323,0.8176569447280626
159,1.529721571448717,90.19451531078462,1.1868928656134492,1.3412721162965424
160,2.692763653382391,115.56484018889864,0.7615934456049002,0.962067116141149
161,2.348284398124793,98.04847265489961,1.3719749020719845,1.3038600868779855
162,1.8594414213920636,141.00145662514225,0.7631601353281499,1.2585488091036052
163,1.1284911666362394,188.2346962406527,1.2552623256412363,1.3390726719785488
164,1.8248311857224893,155.92140964813228,0.6108348991393634,1.2558907381303568
165,2.9069618958235957,165.04283971429822,0.9779925764444126,0.7909024065144655
166,2.388744056021138,77.73825953250861,0.6855084998154228,0.7944083479142294
167,2.5022546106169523,119.80286923017033,0.7167374298710265,0.9599381198346228
168,1.3903620933809868,129.7385691427494,0.6352516009446117,0.6534160889576297
169,1.2581744612391665,117.70218028024843,0.8162593800292436,0.8499017063840041
170,1.5473781653578684,62.47398830576456,0.6109093569598135,1.368490191995279
171,1.3332917236740924,173.32701137904328,0.8494231681187177,1.3450092277419203
172,2.919578574077765,105.33160438716473,1.1931440441835774,0.6850961548309601
173,1.9620533241637959,170.27091905495462,0.7688978063972302,1.1443343485053359
174,1.488031260315839,172.32558604413805,1.1113869770786007,0.9346675452018443
175,1.842938010587454,122.05990493491602,0.8546203960395595,0.9442109308756651
176,2.6313371877459772,101.44286319193081,1.0595247869038018,0.9692834592849164
177,2.3644282366857112,144.62272357550466,0.6310421443517833,0.7850300467025454
178,1.7768144926749703,144.45303258268484,1.388687976389284,1.1846785248765968
179,1.1531693571192643,106.80639119702931,1.1049787247446732,0.9868039966842248
180,1.015163896414211,151.0024778222181,0.6587085995882069,0.6461198877007476
181,1.7251690100332056,130.39394471469808,1.2512339019920908,1.325393681398672
182,2.435956771639203,68.92437712096212,1.1421325022150164,1.0723762996597968
183,1.2464749015109278,136.8942099719838,1.0382773327802353,0.6432318013224181
184,2.1134704587346445,191.6542277715951,1.0046301424493898,0.726967707424909
185,2.8158879523090112,52.712470808162855,0.6233401048669435,0.6333329320695008
186,1.8173298814635266,197.66720002137365,0.8047828172505819,0.748411332394444
187,1.6264070295156186,187.29207270073064,1.1482064263225098,0.8762138488637339
188,2.997394905879073,61.984625136571246,1.1574590861322525,1.1469432825043255
189,1.7010180451871393,50.861421147166105,1.1501298029293905,0.8567950850782137
190,1.4957819327186976,152.6029531237632,0.9714449468291126,0.760746464102219
191,1.100718405980109,139.89573179368605,0.6766919558285097,1.1446339456456347
192,1.33218735554222,72.28319925862348,0.7776667604466745,1.0061741806146807
193,2.2992430014415204,83.46617505973,0.9651553641689192,1.0028483983397154
194,2.46737349854276,116.37511951879237,0.8508746404505603,0.7202664342058194
195,2.668746898638555,191.92740376500834,0.6305809723240394,1.117202076372715
196,1.5003666120512529,126.38938099002524,0.6317573428868017,0.9397558613178552
197,2.5871536869345,159.01203258930138,1.321414132102706,1.2255108660320158
198,1.6175736441333701,92.34296457653073,1.1448011315233095,0.8159353396354997
199,1.770356090657036,167.55775471089703,0.8606138897585455,1.1936778646971051
200,1.31073377859252,155.64778160823755,0.7044452068965565,1.3698927164785244
201,1.5279922315250847,91.53518839496721,0.9044567940948414,0.6933196793227668
202,1.329895148044212,134.26251440500738,1.2202652448646907,1.0796774758690835
203,1.251888842324081,114.65890559953628,0.8524528143372785,0.7429135646846834
204,2.7943955423519173,178.11030828877347,0.8745956850326478,0.8119211212810907
205,1.1238134720377053,175.46582870408815,0.896105289167677,0.7414533422376792
206,2.340241025568818,66.91534979034782,1.2416647209016602,0.735720450178995
207,1.1070384458972278,94.52179112300863,1.2684360862069446,0.9644772904007153
208,2.2802607439611924,108.01334173973557,1.0666978374794807,1.200476133681429
209,1.3980947092352998,184.03266710471723,1.3578443872899153,0.938771974462733
210,1.3048871894853913,123.86598456811546,1.3466874710388947,0.6274935794754591
211,1.9019941535963278,81.13407919837428,0.9896439354692628,1.0838668143541703
212,1.5925349198879373,148.29522531086428,0.9919765692404225,0.6506488434197802
213,1.7256549385447515,86.85905881165135,1.0559346787372657,1.1105083589324458
214,1.955119770229257,136.38921567580752,0.7291133229711175,1.129683678847693
215,1.9403060582332847,98.1670342916767,1.0413218049572859,1.1170057651490648
216,1.5770625490327859,53.552646701982155,1.1633530757903356,1.2985086119272309
217,2.8096291840160514,81.51935632105292,1.3143783998908256,1.2322929462973016
218,1.318196119915695,81.25500546631412,0.7598561816908876,0.8637749584082232
219,2.949109461992928,168.72344577987508,0.9047420158379409,1.025914455073846
220,1.7691591877909107,159.48334563403603,0.9521687234454441,0.825608714087692
221,1.1022098864570948,182.72749837880588,0.7580400938873646,1.0775402572979966
222,1.8163375316827257,59.76626821561177,0.7432271390990479,0.9296014310912638
223,1.7819066235045262,123.98721453864518,0.7765425603998444,0.7078509198489353
224,2.8374812389801507,112.55516303135656,1.3009692556573402,1.2158178889344682
225,1.1772216762363124,107.6869046998575,0.8722778500786501,1.3619463995548786
226,1.144697932031548,131.9446856433309,1.2305870346000662,0.8450207680767774
227,1.7515398007160028,98.92653136559765,1.1572898486311374,1.1840689323751639
228,2.79300213275482,152.80631111412004,1.3953565214334944,1.0119474252889744
229,2.987808594612096,157.07423223204472,1.1932824086058815,0.6029964385714653
230,2.6910380993498633,160.97664427693584,0.7259578181709005,1.023895479674537
231,1.6464375992001663,115.33736718819854,0.9126894393184677,0.9927549697595126
232,1.4888111926843575,125.99026245310714,1.3504220542031724,0.8101504481315882
233,2.8383888857997075,198.5797087470273,0.9110714507307112,1.391451709772751
234,1.1762943365734582,186.5502909107361,1.3617180959090065,1.058215413044755
235,1.0264853204590025,147.0216172381211,1.1436422449550356,0.644700932799708
236,1.4567717520075278,58.77182026728422,0.6406222750351621,1.2921021180232646
237,1.2735539205314088,117.96094177099125,0.9010251458728469,1.217238583275929
238,1.537192272375726,155.6364787923701,1.365382247873236,0.8558501452679743
239,2.014239440548679,67.26671838921801,0.6627228665929614,1.1674644817658746
240,1.1956124673093145,191.86159189405583,1.3067479488097635,0.8995760349752037
241,2.936760370393249,58.870756262344806,1.1905600959267297,1.0339140086370666
242,2.831245109934567,130.34648916392433,1.1624270269322525,1.0236683394341128
243,2.480338436874206,151.68005653636453,0.8247892746168706,0.7301902905996536
244,1.9462928343629635,87.0629133489683,1.0579457365725373,0.7602392035720773
245,2.9556597669923588,77.93529610515009,0.8911046492500407,1.2130154553880428
246,2.7878139328949985,92.4488446835201,0.8350685450850065,1.2848591495204627
247,2.931328693318261,101.63632715256637,1.370687548543219,1.2252130645560833
248,2.288072014105237,59.90636309529208,0.6514952187147568,0.8835686500233877
249,2.8177459441972497,140.08211893198035,1.0610502081792443,1.1858072654494443
250,2.103345744218243,170.60834560866482,0.7131539536110879,0.6122854662032873
251,1.3828896415923364,169.83675139593004,0.7825769815977807,1.2164644750738192
252,1.567129367866257,65.20311388633374,0.6604086220151115,1.1718805421758394
253,2.811811105968471,100.83970217619395,0.9072153672444458,0.6059922764522375
254,2.1219337262079443,193.54206636181345,0.9768627518108446,1.16117278731396
255,1.5035960252920249,171.18906412982568,1.0741273182400812,1.2748467508113652
256,1.2444585899415073,189.121123678434,0.8394422241994235,1.349896202331596
257,1.6424651028289006,135.82393303482377,0.9662520876723215,0.7923570796936246
258,2.640919269631509,170.91147800980013,1.0665567944810206,1.208907866757797
259,2.1678024735849952,183.0339755029537,0.8477447375039945,0.9924060139759133
260,1.0221620454801408,51.93821358818323,0.7375633260476319,0.7914714541877977
261,2.458573656452824,190.68116514077417,0.8044733930894745,1.0571179258788272
262,1.294665992394769,185.63993343447103,1.2000024286479434,0.6902189054876091
263,2.5894753499915684,77.25170402034502,0.9880573449201833,0.7640601622775294
264,2.6092044696472625,166.1784212328419,0.7862022072788494,1.2384141891718432
265,2.063500490113734,135.59791400221923,0.8236149737509493,1.0771240369408748
266,2.784427277835932,192.07937541655727,1.376515730102842,1.3986373022123195
267,1.7882124917804971,93.9790078987389,1.1563932343592682,0.8935575381014258
268,1.9161217875091026,173.86373704386193,0.8926873252239704,1.39927290911718
269,2.992661109785351,184.98632710785714,1.002731245117088,0.9517556783625458
270,1.583362552321716,137.1122691466561,0.9368896859987765,0.6278303724254571
271,2.9354863224996097,153.33892777628535,0.6563715396961506,0.9041647441828532
272,1.0645947520221442,135.51263760323096,1.1961648983970963,0.7195029927040519
273,2.0436918661950916,163.69613470811032,0.6935326451230658,0.8822244201183032
274,1.3604255947789148,73.69278012466259,0.6866135139133898,0.6709903959857861
275,2.819567709584308,169.8767517750519,1.0252404529716719,0.9241078837441905
276,2.0113048208601314,182.9395356303286,1.3908309044647447,1.3321615078318552
277,2.8670641506660237,54.443396036081595,0.6895983983416403,0.7520275314507818
278,1.5565342218046507,97.85473203734252,1.0810356287124694,1.0887889513892708
279,1.525581825607233,148.25408531007594,1.3697095795279737,1.065300304384786
280,1.2310907935811746,114.61741245635318,0.8353691605133051,0.7810190871828563
281,1.0301436856036255,89.52958969997479,0.7951605849406354,1.0671320034972345
282,2.992118439477392,152.2675307842339,1.3817513160183852,1.296609597081934
283,2.198480168171278,87.39853026145755,1.0489621028179024,0.9757909057868126
284,1.0326588420101297,80.64245216750746,1.2599026010822105,0.988606771464257
285,2.322970880957531,96.16486226245883,1.118769085668601,1.2549815167959384
286,1.4770538470163543,114.34828981842784,1.0262133390295067,0.8292197902548721
287,2.448787413008164,77.72967942817598,0.6906032251242751,1.3741836918873116
288,2.892242623156151,136.1583044265682,1.258489368737904,0.7084787231846567
289,2.154606815038309,139.93161522647597,1.016078912883835,0.6044424325374201
290,1.0451106180022252,105.58857716336138,0.6765884520109555,0.6939740414581688
291,1.8799350823024668,136.15801160267927,1.3100482412011094,0.84007160352562
292,2.8219228758659836,94.45965982802308,0.8523122820696144,1.2963963483085004
293,2.1055363475789877,131.56783353551324,0.7388128748473992,0.7761195318085179
294,2.5466223765380196,165.52430010909848,1.191876326935164,1.018442199503094
295,2.819585104529261,106.03812028246018,0.9839077352371621,0.8950204685624201
296,2.561749627811169,116.58446951977388,1.006976186820421,0.9072496397330192
297,1.62452840686025,122.09372507115734,0.9947285939377496,0.649500124197725
298,2.472351256373659,70.5857557174725,1.165657175617501,1.399911995841266
299,2.943067536339063,101.39625462471122,1.316014124452519,0.8040400135188479
300,1.4251635540759462,63.15107034752509,0.6680211796124201,0.9180036638039866
301,1.1380179081582966,83.38242510293725,0.7772990359129229,0.6325084208339645
302,1.0138425279345207,107.6248958870539,0.6481142141333853,0.6598546388851895
303,2.2860016053335137,169.8044531728881,1.1740657122153864,1.1562922390738128
304,2.481804742309463,125.45044284253763,1.299949704950975,1.0136829319394451
305,1.2558448434629534,152.67088757970788,0.9847701064930799,0.9418915185242478
306,2.397155068916778,65.65609469392392,1.1213257397211347,1.2938554262352089
307,1.4526515513617606,73.87247819453336,0.9330129260712952,0.7297367567876993
308,2.069143275640621,60.79913356565632,1.3392629686264006,1.289512752907269
309,1.8051651085508145,103.03490483366576,1.1091057143895207,0.758443411725434
310,2.193840764790865,125.0765926136388,0.8910370519526217,1.371690558347155
311,1.086572274384895,172.60946431115784,0.8254137421325751,0.7869909933179082
312,1.8719919664878577,140.01536929420246,1.3644630228655028,0.9224331384154475
313,2.6628195094307205,113.66659567421232,0.7545334675063786,0.9969945849057171
314,2.962031867633441,81.78295082198487,0.8187374478263897,0.6358027726707176
315,1.7999172074055643,103.33687944766449,1.1000779900186242,1.1042270358512187
316,2.1948016173608345,186.1382855004514,0.9127786539595528,1.343969485978361
317,1.9380399704119835,72.86618090792237,0.7956824646477234,0.7576989805516638
318,2.783760167618076,86.6255044980754,0.6838496471986437,1.3347987898336926
319,1.6465952847073646,192.0302942255094,1.2228598618013025,0.62592544567802
320,1.3780899493189434,59.935983721971624,1.1454596370901369,1.0958343390395506
321,1.2095626088000062,169.62811508122786,1.3106632318228544,1.3268442247608656
322,1.3454426917538465,53.7414742228885,1.1451585737844998,1.0187773499686532
323,1.2166220708298623,183.72115202866107,0.8860306060533348,0.9174187541239565
324,1.320753895049356,198.14515551793937,1.091280380430574,1.12981111532786
325,1.627614877306902,99.19317785766331,1.1258674504020374,1.1906962307462048
326,1.1526925286505918,152.33651536445797,1.0162726309620334,1.3966911096810066
327,1.4084434305780913,85.59608854924274,1.3016475392880273,0.6235386312802427
328,2.0766534017940677,58.814196522980026,0.7314322358770349,1.0629568213585368
329,2.65591029363748,130.85265928473416,0.6389814250867437,1.3172803182617132
330,1.1279556901985663,185.14556314415418,1.2338750977934916,1.3747872687525895
331,2.7698580236162247,158.80567444555084,1.283521780875685,0.6677888108701278
332,1.9949103648652646,96.48380587516274,1.0063442324669554,1.2369633404137592
333,2.245182466442687,69.42466390034149,0.7645168424502642,0.7910947729303832
334,2.250088967842241,89.07171513505457,1.1356543454611736,0.7038818534652148
335,1.9466791572838607,185.82265774974135,0.6971872446783265,0.9471300288676866
336,1.2692807148845477,152.89859196149686,0.8253551439707434,1.3382731837873703
337,1.6854766036188809,72.15502876889202,0.990980072466281,0.8365691392536035
338,2.2185243125851852,185.56031814595144,0.9245492824664375,1.2142204048771885
339,2.6284930743418577,140.10733933721656,1.0447230808815444,0.7123411760017067
340,1.5106999352443484,190.26379202719517,0.9814619949612343,0.926296384636375
341,2.8010816642660554,74.96022828789265,1.3413079084903845,1.3903811390644987
342,1.1940479135566473,53.401401056058496,0.9575392482643785,0.9761299493646868
343,2.2740061417694406,57.6641621851447,1.273538672484568,1.13758788384241
344,1.6758508707750117,95.72200346576638,1.3413064268799624,1.216371286475248
345,2.7303007240931216,131.21212651836223,0.914750789067936,1.1164011078265843
346,1.7266506521138554,124.5204701975938,0.8581779017557084,0.6984161304987048
347,2.7106088541168663,135.8367401443105,0.8786531358383733,1.197446995658258
348,2.3777903507697533,173.92912386477815,1.2994559850653487,1.1946404432913882
349,1.853457505397791,148.09809664862593,0.6284385410619869,0.9347065076628518
350,1.7081633970827492,155.30747067009116,0.9822224573101672,1.2482107073475466
351,1.1992457373171883,63.46110311641681,1.346624769279057,0.9706465319067845
352,1.46805287812849,129.2622351741071,1.305143584856715,1.3435883102232176
353,2.7246170332997823,74.64793036572748,0.9198003925463251,1.281604674930757
354,1.4100824464998163,180.9926399757001,1.1433193769181869,0.6333733592961857
355,1.6673257089187985,168.8541997283103,1.2628217587970725,0.7297194977782623
356,1.059946943046905,151.3509123629425,0.8609223897286822,1.2157099897304398
357,2.7976132785203633,120.97232450221381,0.6033165870154159,0.7183149713179604
358,2.030412737468926,55.7056215292065,0.616278153892202,0.7270988807569199
359,2.995106836038159,70.5728304838575,0.6580882975601468,0.6870509480346008
360,1.1448957153872457,66.93525431316887,0.702800763364332,0.9437576724868064
361,1.8502367225742815,105.27364683347726,1.2848952183890454,1.2040433056450006
362,1.035354297518789,90.83998333663288,0.7775950674287357,0.6546572396548327
363,1.6660747438628665,57.03729016832972,1.0035198527768756,0.6510535723235545
364,1.4711393177992058,150.4585233455718,0.7407717037673534,1.1248362084886487
365,1.9525542223260577,60.38945090596568,1.1661395715204452,1.1695210684933222
366,1.2215946762485828,184.4367045187859,0.8740742141483602,1.388997585178588
367,1.8768196396526566,130.91376113243064,1.064400492956297,0.9173803547608559
368,1.2405898340456865,163.01585645489888,0.8269483250626416,0.8199522645957154
369,1.7826087025477029,144.9392330015529,0.8879307238868318,0.8987878883822757
370,1.1143738144599726,81.66538074264496,1.1397896284438764,1.2594595504961594
371,2.364650672661111,65.48541343744627,0.9461905510306139,1.3400737415350756
372,1.6026974952419482,144.02647763541245,0.995325169168408,0.6815868528810722
373,2.1874296104905544,91.38339272933285,1.0866327834773166,0.609720417448918
374,1.8741918093783139,131.4772849922275,1.024087814438909,1.2001589497726246
375,2.7179267835597463,121.20603308367068,0.7407434857581953,0.644693634192243
376,1.9515996417450194,173.94762321935684,0.6372244601418398,0.6264984639413353
377,1.8850456996921676,72.0694154972485,0.9596260883647789,0.9120059814245025
378,2.0456465238370516,80.7267429614078,0.7205360640588392,1.0620440975286358
379,1.7442407961119528,167.56546083048266,0.6670168635108229,1.2209566012513364
380,2.395960129788434,180.05468965611925,0.9822176745476692,0.751846183942729
381,2.561306246110571,77.309218681785,0.9688924196080764,0.6265917565481485
382,1.9983601340820938,182.0446080344665,0.890318426577029,0.9828488783611282
383,1.787610845465355,184.55678247264555,0.7993943047298053,1.3624841324796373
384,2.7862393676335784,186.83709015738435,0.992562184711727,1.0043297605307868
385,2.3476263430695,89.19496579835665,1.3591545418196542,1.2934478675000718
386,1.2191134719304098,89.32544661145837,1.0684072887720317,0.8195381012490421
387,1.528000998611843,87.70798594042023,1.313092786004766,1.138337910572616
388,1.1023775693894304,185.8504896129148,0.8027087172060168,1.0836975994010392
389,1.2266470566841847,197.69010611812595,0.9588628349155492,1.2945500378949282
390,2.1432672301096174,65.09888902024849,1.288400737077905,1.0208191014701864
391,1.3167794521282563,56.86415567109462,0.8639458246347833,0.794385658225595
392,1.4331045198523307,94.01608354040282,0.7380972568680072,1.0179780882786151
393,1.7704482003693827,64.74382862782355,1.2417858678849978,0.7437563062029301
394,2.8431181166766457,167.03622020547886,0.9991202179937526,0.8035249333159603
395,2.6842994327792593,75.9330382889956,0.7616476504113018,0.9205496881391684
396,1.3718201443448723,104.38957077350824,0.9996873878939874,0.9331571884371059
397,1.658742528837539,72.83940604263523,1.1770702995135829,1.2572338756349515
398,1.5630546010822577,155.50969076176332,0.8391424479471747,1.246567561832395
399,2.946673215163999,177.95015776694487,1.0233060070302682,0.997105066015077
400,2.7111036084975204,84.78968972500138,0.9567764349670842,0.9013673934333629
401,1.1681495902331314,160.43324979518212,1.1930650769649096,0.7537140471470637
402,1.7126540186446686,124.58940406316748,0.8034976176713647,1.3999873837453285
403,1.9788484751081297,68.82911391365235,0.9472039352646502,0.9080346203885032
404,1.4020622267709635,54.2442186879355,1.19691025279152,1.1353559899670036
405,1.9500460894375475,86.76145904702875,1.0839660431643896,1.2448940091967287
406,1.5394346132139072,129.60146494330112,0.659123961392074,0.9298844004746383
407,1.77203015047806,186.49534670404586,0.9097186181384811,1.0486222603357176
408,2.9227307400865694,99.28252603771656,0.8207216402498386,0.674400945056513
409,2.3259123206144277,194.6997855317652,1.3315120006639132,1.213634709765829
410,2.2693144968056638,93.28134637948526,1.340644570214651,0.8789360690585412
411,1.9573631629798418,178.0955452104608,1.3879275131342188,0.7431873056267962
412,2.971003068751485,99.35180728960302,1.0960563392614642,0.9970799918925004
413,1.090767318665556,172.41847046188806,0.7954030311929866,0.7876945093472358
414,1.9669899653363412,194.3106099948863,1.2458805020756305,1.2881460389137205
415,2.6917553227463147,184.14592166678162,0.7260931940480011,1.3960076404655342
416,1.5871819605194168,113.48100014813235,0.78054141845481,1.3178521517823358
417,2.413442003901717,159.26192203848984,0.8690140122537029,0.8454544558880153
418,2.969099019242636,179.4413675409647,0.6849787513715717,1.3898275537556959
419,1.6819718242258974,185.02846548504743,0.616896381733284,1.1227116796273218
420,2.14425074244143,131.98032196036172,0.772615581866682,0.9213885313523297
421,1.3267475243280837,184.81852696542938,0.9529534635238444,0.9448556006122459
422,2.0404011495184644,193.69527070391294,0.9090456505598961,0.66328095625183
423,2.029872904559224,108.74036364525165,1.009853742094752,0.6109455899694933
424,2.838559818802759,120.06403561675118,0.606620429209031,1.2847556171643695
425,1.701600332137267,85.58522784587016,1.2336569111297622,1.388257427630418
426,2.176199018376691,90.39254620340111,0.8028323241286404,1.2878316901297469
427,1.5317643582730744,139.83414955984068,0.9497804641541541,0.9557995879002268
428,1.3954204443460765,150.67236172767585,1.0140038811012868,1.2915862360870418
429,2.6935348271220487,157.28030444728105,0.9746214793646455,1.2653897189544723
430,1.5302688702090022,169.80410682121413,1.2685622807953383,0.9105862916789013
431,2.8519322960886258,65.99544437044214,1.2640587891828368,1.3383527465608955
432,1.2430623639765084,191.66156093917164,1.0936653118801125,1.2827370983932656
433,1.1741096834045697,62.4483888843975,0.650357153943573,1.2861374550490603
434,2.092556734246261,94.77280788172811,0.8222005928676039,0.8568638610438489
435,1.882181900776229,72.57342507627382,0.8577945021609747,0.7156129551956222
436,1.5609426416655232,96.59239024353671,0.7017118710916304,0.8607060623496574
437,2.9842201512187367,154.76685047865186,1.1316721592807013,0.9224262639421071
438,2.837941743926849,78.84807107893074,0.8968771478778563,0.6166961310772168
439,1.1179417501831825,182.12367484419295,0.7216379817276223,1.167057091443147
440,2.7169107283959533,130.94933529020568,0.6347062800137148,1.30259024846645
441,1.8724670650761535,183.42086257283998,0.8040376901012783,1.1402406535321021
442,2.599035877871735,199.24860699549538,0.9960964135355399,1.1652667566133124
443,2.461673895186717,76.2860654920891,1.1088713884016284,1.0621184633355694
444,1.0611143926747744,53.92280831358033,1.3397079024337164,0.6156916928693088
445,1.3265654509906946,123.98983914475437,0.9465244247643374,0.9049718465898594
446,1.0310054366320136,197.02214696283497,0.6245690723106446,1.1440361515843498
447,2.4217965286618406,185.3580933100394,0.6351537704989931,1.1700919242342755
448,1.3407756163008728,74.19910297537352,1.1775556024900897,0.9963467658639391
449,2.6206353925458457,86.04206195914281,0.7348001067935268,1.3953156102483595
450,2.0583883934968243,97.64657264413995,1.2864911891668727,0.77271333900597
451,2.2538643970305774,171.36666931635673,1.38418182978091,1.3302280758700111
452,2.642079424826139,117.29216524351104,1.3547541690947265,0.7284746819605821
453,2.7801684558049735,90.01473027246512,1.119581202264095,1.011844248345012
454,2.9666019174921834,123.0185420710038,1.0854671201142276,1.3205386637614684
455,2.604870289769598,127.37950980471555,0.9383005152182136,0.8644751636138119
456,1.5608375171482032,117.64330113159754,0.6988912266547808,1.3812961287655523
457,2.717154961302812,59.02640697663094,0.8441964252614459,0.9044169028753698
458,2.3672381638211464,128.3354293216574,0.8510624822452856,0.6320434746768538
459,2.279028434827877,74.89958494973676,1.3209734138556783,1.2718991568202347
460,1.0521687319694348,86.61146876421131,1.1289476493070096,0.9212309917141633
461,2.9461991905135307,190.3216131488039,1.165474948164793,0.7282582227429915
462,2.421033665338262,68.39717735211157,0.9105520642957774,1.0324528071772905
463,2.8426878991824114,166.1472868684487,1.2867319372737338,0.7745948584706999
464,2.4625458822565953,144.27427880008378,1.3690412894597295,0.9780125456363289
465,1.8082051338611678,195.85216529485382,0.9011322982856278,1.223979049321847
466,2.7635520459447642,132.17223168015792,1.3276737082141108,0.7265896393388759
467,2.486967818202296,160.48180767927832,0.7362263360081873,1.119278344784493
468,1.038441445134852,55.31753570528786,1.240685105532342,1.359619709843522
469,1.877081569353008,127.53295633127303,0.8368925727136285,1.1689984803483346
470,1.3768936733409343,73.2758081045226,0.9864324757147969,1.1156527645363448
471,2.5434067125042406,181.41833397514299,1.0363338722149167,1.311550714541652
472,2.8403954457040275,99.43266615178388,0.6080310651700696,0.8815881358435435
473,1.1484087915854935,112.59777117332774,0.6649104140521236,1.2992789461497245
474,1.9387369286176321,163.05544474627843,1.2517515747439751,1.0254428711997057
475,1.544223697428007,63.85735519783496,1.320831662944244,0.8619606336202197
476,2.1665904743884066,84.81802374665145,1.2830779410044195,1.3859426323866575
477,2.312871742047117,159.54456002983142,0.8440142881299044,1.1187364035425198
478,2.6677682606104165,193.33806600507492,1.3345728560677554,1.1043063015887271
479,2.6507115822652993,150.47981143457847,1.1925749202074618,1.002858170223261
480,1.9176400667479192,73.03095707658261,0.7761798329931371,0.8657858287284953
481,1.1887970515872166,110.2150690473002,0.7734129879909469,1.1894551296458937
482,1.4877248196593051,183.94901683473654,0.8581881351005672,1.1671612475957835
483,1.5997649106459422,63.174341673700894,0.8787784549378139,0.7993488273266496
484,1.7303202331077252,124.48539392688541,0.9816653315077326,1.198464408542451
485,1.737079603467272,105.39231278764946,1.19285647785106,0.6856623724342022
486,2.219347582754156,173.27254912797528,0.8325029366388136,1.276416951772684
487,1.3971086988674952,112.21856238758582,1.1982828138648052,0.665792246598826
488,2.3044255882105618,138.51908013942455,1.120959976422206,0.8500149270465145
489,1.8846419643239027,191.2017843370663,1.1120344800558626,0.7348586061017163
490,1.2298092719647074,63.62391304078691,1.1466149175858924,1.1131196303668545
491,2.863175930372303,62.881647378183565,0.8752580493463612,1.2546692580146035
492,2.5899608955256674,128.14824771855587,1.399507299423556,0.6984114769801879
493,1.2881815220221786,170.14812747210766,0.8523978313771378,1.355615239750277
494,1.8310603107516183,63.274991971672236,0.715283349809562,0.6560650846800502
495,1.7395978576852895,81.23966966157815,0.7850657017264787,1.220800084508582
496,2.4043422622804114,171.22896761849373,0.8272145532569746,0.6971363883229196
497,2.0043204872604736,62.643655425221674,0.9342818930487484,0.6852649465268152
498,1.170608825516211,141.49102202309305,1.0141900956967165,1.0156773761914537
499,2.459854633315294,68.6050214006592,1.3163571240417953,1.010238420482826
500,2.5462707675659386,117.39126564941958,1.3090295010023865,0.9356454262151838
501,2.4333532032251637,117.16306530323865,0.8651928408054577,1.046099154431086
502,2.852496414593224,140.75344163947096,1.3310118643518059,1.2390699261314175
503,1.238613298449665,101.3936818269399,1.0360359760751834,0.9099217359184996
504,1.6760937598965293,191.37896992210332,0.7131529879977125,1.3202970331726214
505,1.207794276551244,161.07681061548328,0.7562005139306183,1.0350054462130793
506,1.9111452320934144,183.1880600855269,1.3033268463507264,0.7175333941400397
507,1.211291841679187,78.11419026161099,0.936117377593365,1.2842586505238502
508,2.6462538689476984,88.3750109468267,0.8772676304772021,0.874789493254883
509,1.5518651092978397,146.43630833158733,0.9540209616767594,0.7621865550356309
510,2.226218911320787,120.60727586640004,1.0420090468553047,0.8837960722096173
511,2.923054503956125,124.92563752147478,1.0927783319560525,1.2678151922207528
512,1.8584393027846589,87.61787140563553,1.0826814076633668,0.8496708259107937
513,2.4318206591905698,186.33157534273099,1.046695028785775,0.8608698746070904
514,2.5585381212163973,137.44056112313663,1.077798590208931,0.8247187374912637
515,2.059863681033203,160.83682271686277,0.827872527949193,0.9942797595261577
516,1.7511305529994035,176.12745447716546,1.026187263430916,1.3450643224464558
517,1.8280358446467901,88.57625853023286,0.7850513865843247,0.8703974893594634
518,1.1594087013496428,89.66037083396188,0.6800877162465255,1.1444684378000267
519,1.285893361673568,153.03538847837046,0.7446826520501664,0.8301368714197692
520,1.0258408807824018,63.197126717507864,0.9203640151653555,0.8973582213545324
521,1.815170059506234,140.88444634440557,1.1368028841119628,1.0427630241846004
522,2.57689052527001,191.9243626112434,1.1871184172478917,0.8652755334704009
523,2.558910870435808,125.82610094893371,1.0043719796702355,1.2660780228930253
524,1.1509718964447595,116.45019730673428,1.1696478791654945,1.184434622879047
525,2.8256543653554793,72.97024266308533,0.8030976429042873,0.9142496943055969
526,2.644822003783662,50.74801069726264,1.1627854080888236,0.8004472150030921
527,2.619602143655059,74.75393682850716,1.366396110235422,1.3428137393465955
528,1.3683170029847238,68.52074812906099,1.315936964277534,1.1955378919223951
529,1.6974215081981094,143.0466660252059,0.7594080494295639,0.8203236894440603
530,2.4155084413561916,86.81792843605515,0.6812538794140985,1.1185686616077333
531,1.6752041232814248,114.38202875494932,1.353076437257339,0.611325469956424
532,1.9411541207282874,55.603927074567665,0.9010300716487674,1.0374001209136166
533,2.313339318710717,199.66871939699024,1.1095256695499858,0.8830070376525091
534,2.7256107935561618,111.39579410567706,0.7430868490724007,0.9733132554759512
535,2.394724731776454,197.20362671840275,1.1613665747626514,0.9290905856972826
536,1.5934623743086747,69.44866832407702,0.6525615784440384,0.9589823742063794
537,1.89422838374343,88.17080657038501,1.1971565065780996,0.9842233685820092
538,2.9599746605589914,172.6643810817826,0.9114653623331797,0.8952556583205569
539,2.9438883171061945,88.62119803285911,1.104851630150125,0.8303169839846491
540,2.6850060266657874,100.73104184023809,0.9151685169123999,1.2073681946608184
541,2.71951038487638,193.0591935847858,0.9933882294673329,0.9421863870747123
542,2.528268304811343,116.8125534046833,1.2431234142224072,0.8719037299024971
543,1.6109497491479756,101.20112956766741,0.6186010158349174,1.1089690528058416
544,2.7641572837531476,122.93152987029136,0.9448245683810155,0.9485094853929047
545,2.007085108031624,51.86066931867058,0.8799865945994496,1.0484737841692773
546,1.0125990170237416,85.08317364390558,1.0410195653364678,1.348279316165871
547,1.3987214592196109,97.38666564305797,0.9219864116374127,0.918979320579012
548,1.465939843095917,178.19769765076475,1.0477169067836638,1.346772273226102
549,2.9837348266075754,66.44370895012372,0.6233057591048174,0.7848801386674218
550,1.9864994129336782,76.66484949105659,0.8031372165883801,1.160928658692824
551,1.578350249879825,143.96170188400657,1.2091787254861424,0.9983687161321965
552,1.9590532525160465,144.60071003886344,1.1546010262867554,1.0059115266080139
553,1.5856674460563436,114.04651449084258,0.6307723328753316,0.9498890463374786
554,2.3842417227457875,180.43083633003627,0.9324745045879828,0.7617722127719855
555,2.264549379348291,99.1709008193422,1.323311824907247,0.6524230029565837
556,1.3631920512089144,62.23674985066259,0.8446453645178683,0.8192370058602845
557,2.7113278159032426,116.12659128916395,0.8460269119803673,1.1953500828941899
558,1.3726662730890737,111.77288816427082,1.3587588582576107,1.0127311760202036
559,2.583846419480739,73.30506426114823,1.1440651158677153,0.9169749643499371
560,1.8844567713186862,145.2388496573543,1.108850097040385,1.3060653366932082
561,2.144185239174935,120.14751560141482,0.7340783342118821,1.3777209460886668
562,1.3867203575452818,77.62348805415394,0.6713084295798867,0.9534893176229957
563,2.1863398900169195,132.97604772199327,0.9088148467040136,1.2239281070400874
564,1.3231647487812266,54.462272780693354,0.7075066367043388,1.1082975102480006
565,1.123939731528026,69.91747634462016,1.1055152743884027,0.7136039720768865
566,2.1173259833521687,114.55229494596857,0.8207867484428781,0.6313892283581669
567,1.2171014768560477,107.41181243230372,0.9009881007270956,0.7832577127053489
568,2.2982993523671587,174.5920957911511,0.9264057328642122,0.684382187204344
569,1.8518751345438174,56.397105619719746,1.0660597213876373,0.6845250708074208
570,2.032263058609317,85.79426090611236,0.9201457845485816,0.8824774632130274
571,1.176894840130662,99.46667012429323,0.9191326020705844,0.9892862505977729
572,1.7165747271896605,148.7083917783778,1.1296540706821543,0.8189906070425207
573,2.619619449410605,88.23021283932636,0.9474481005776283,0.9166605231525664
574,1.150292405544508,152.8727374799244,0.7941720209006651,1.2943976811866857
575,2.277991042853353,169.5574702896707,0.8213811100661061,1.3152004539895457
576,2.3891030656209997,83.32470462667426,0.8409554207005479,0.8557089140032665
577,1.312183395688577,185.76279900069295,0.8222860085940329,0.8791605340397716
578,1.8516148183246355,194.5845012300911,0.6379969749010471,1.3649016171758948
579,2.327901448443519,93.541048214943,0.9000748469112554,0.674181991380019
580,1.138214659324142,190.61679800256823,1.2571874716762235,0.680987960109572
581,1.5592588127786182,161.0233045340114,0.9263892288527463,0.8337563539917023
582,2.8467647455321607,100.81133831069633,1.30481195885963,1.0590204097419698
583,2.9122753833937285,130.04319501197566,1.2754005975837077,1.0602607302125935
584,2.941619902846978,179.5148809586891,0.6861793979478995,1.0430973570231306
585,1.4856193916212375,169.28393547732207,0.6316056343413711,1.1572819704567894
586,1.9555223228913323,117.16504155539062,1.1285957207229846,1.3155754452773911
587,1.8485577909371547,108.81330834330832,0.8935903889340991,1.0420688445313828
588,1.1846939950403483,69.60768892969797,0.7316616555080695,0.8523801722121612
589,2.2992368804087935,64.88586433951164,0.9610703657911086,1.1265220920593013
590,1.5505609072094912,185.13467547079352,1.0096192020478918,1.1757123095257183
591,1.704876511222445,197.8036836305073,0.8019819306822259,1.152004692040935
592,2.9782363340481264,166.58022777883343,0.7767495139535532,0.6150711093044611
593,1.7560363499247351,98.5040622703888,0.6134102699319884,0.7662047380746119
594,1.4623387667547485,89.84774631285316,1.1164801349346378,1.289569129529056
595,2.036163734790036,96.23536982148391,1.193391837642984,1.3955466792995876
596,1.8141970903043405,158.5126429850651,1.0954344467447281,1.1131685645297513
597,1.4400228504187118,187.05064731693125,1.159075703984542,0.6138619715824986
598,2.579105445149648,66.11118465465158,1.2305648843731296,0.9567370511264905
599,1.8321225359716502,129.200809460572,1.3858653101861809,0.8468281678003815
600,1.7601673797962634,64.3409951292869,0.7855727135980586,0.8031248055409428
601,1.1547977560829472,156.78346877895015,0.7342097482374733,1.176416744708296
602,2.6335743985535762,145.66760189725068,1.0673480185585031,1.1994829943019099
603,1.8367991916715065,154.1199913581558,1.3240353821230197,0.923256068365229
604,1.956647171064783,165.8481965257111,1.0500737440553571,1.3950062685208324
605,2.087674870668706,154.7679291721954,1.225516912457361,0.7177843320517757
606,1.1151918818312863,62.14262363630136,0.8889833991659101,1.2846894187651479
607,2.843906189356816,124.42500227355355,0.6354019333878915,1.3485498432263991
608,1.7496647835776369,193.5969778949594,1.340397498728007,1.046411342614457
609,1.9677857167054404,97.91132471854664,1.0277071387672436,1.2713219547729586
610,2.350285093763829,71.05209453588661,1.1829925095200067,1.11061742402071
611,1.4449570699975556,51.48366238774638,0.842814546449885,1.1813041460603944
612,2.856506618438111,54.594882551092624,1.3111419523701093,0.9869653592168606
613,2.9568944604158514,135.54299980388663,1.161937793438736,1.0551805271757013
614,1.4787742058501407,119.68675286514544,1.3755251473533623,0.9108798517783698
615,2.5060926226830214,84.30685414708759,1.054135499094364,0.6287416269236605
616,1.2868966914431579,111.67201366880022,0.7802530171236112,0.7437241913479494
617,2.721862721878712,84.11871167701449,0.6756511395589017,0.9257698663782442
618,2.7464256416166064,66.37506525498179,1.0806642484102782,1.1892295422518293
619,1.6403830859627513,139.23528073883193,1.2598024070485865,0.6110198478539003
620,1.7821236254880573,198.59640123101562,1.2522929530177938,1.1229676078745219
621,1.4771398131275446,146.80876238786226,1.335445508782222,0.9407750650473534
622,2.3535541313707093,91.08821923420606,1.1508126487986967,1.2239585768778087
623,1.6302187579931342,157.80985337387386,1.1173523037588473,1.0096701734771052
624,2.501731119940836,65.68529351902548,1.0355201319296437,0.6925906392614978
625,1.960710115781265,147.2176195426976,0.6787667030168236,1.0280800299078976
626,1.728422314020664,85.8351598038806,0.6212409693603272,0.7291902229735122
627,1.0349265519212039,96.59087479308299,1.192830604745022,1.1371839194417146
628,2.260069998598161,170.9418884713802,0.9129167019589445,0.8105553200754163
629,1.531788761209812,180.86681806634593,0.9159703441401424,0.6831904888803344
630,2.368540305423448,53.06350953093273,0.997302804376921,0.8615978484424219
631,1.1655196105699597,148.30785717084373,0.7035981755015231,1.0289349290663172
632,2.478490274880761,80.2866441212445,0.6007934873837707,0.6988717234537776
633,1.6026129520011212,91.18824956588765,0.6490944903396659,1.2576369699524674
634,1.1582877508076186,198.4140212512767,0.9560808541647179,0.660352331096957
635,2.3558796194818914,139.94067316250644,0.8710980289667449,1.0214015614900012
636,1.0460512867117437,127.98895259969196,0.7828141212263876,0.8798306709726504
637,2.0190802822813185,103.13553030314564,0.8306649445659882,0.7427822306264371
638,2.2041425762081364,116.21539563268044,0.8094925806853195,1.303330817247605
639,2.0457770877111994,129.12068339586702,1.3510163787489284,1.289809234789383
640,2.1026289700515597,172.4140292707787,1.3667764400983038,0.7650857040342866
641,2.147435826064725,73.95063297362407,1.052607583048947,1.3383400623147848
642,2.239854735125648,171.85763242938177,1.2387853300766651,1.3441360533775204
643,2.5803999180812474,74.53086241447042,0.7656060457414304,1.253001499685574
644,2.5938794521873705,60.89526442251692,0.9704893359291351,0.6465087862239525
645,2.5160006555852625,55.97039061972689,1.217186969768448,0.7129794406337644
646,1.498222009598751,171.9292680947368,1.1522065570656213,1.2693125062963808
647,1.8642058946266213,114.56109749740412,1.110195328321869,1.3252552984100303
648,2.7613046331756053,66.49020518504446,0.6498499696848814,0.7867269554935952
649,1.0561644028866009,170.81048114101293,0.6144614748526572,1.0561543934008841
650,1.4458487048024646,94.40147007170326,1.2048478162899068,1.07293215882635
651,2.540737647071001,108.71356273058508,1.1135523400884448,1.055664483425349
652,2.5415891622934907,174.99626919438302,1.2181483691446302,1.3144723208391804
653,1.3474449906832926,145.45856597845074,0.7365022929497234,0.6677496508367019
654,1.6973771744805546,137.30571927838565,1.3322497214784317,0.8931698632540725
655,2.186959722879699,114.63709941543264,1.0716262875154514,1.0096939023619604
656,2.9010374764726854,85.60896191713027,0.7116077345183051,0.8019273384429106
657,1.645455342302147,185.41627615615442,0.7744470412853076,0.8516065943614227
658,1.2025112506622542,135.10293743816334,1.0905351056433457,1.0025462735514656
659,1.7794185447537083,103.74318800587073,1.275517200888699,1.155875712932772
660,1.0013757903206013,110.52673787253568,1.3035629831062103,0.6443446922601515
661,2.2409369134451795,117.80587916372185,0.8738156194024913,0.8275092692794466
662,2.5124658455790496,151.78178359432576,0.962240458059985,1.1513372085414768
663,2.3792047792823645,172.2099886675555,0.7771502909815918,0.9217733894646672
664,2.2345197918620463,148.3211182227635,1.0022621002860053,1.3566598876091618
665,2.4842643345197306,162.10482886827458,0.9855581533973835,1.2166256653694325
666,1.8874118817239223,154.32509459020582,1.058411858533503,0.6895254968778719
667,1.9795441149284057,99.14226284960358,1.057138916447717,0.889206236973971
668,1.8143960623518185,53.477984049310386,0.7985354300101135,1.1998773263327105
669,2.2369811061328955,84.06856629981019,0.9499692879151049,1.2405889586826742
670,2.576578250976887,196.56209192370883,1.315680194202249,0.6419293085180987
671,2.2885875848483552,182.5386991263461,0.6890548096381086,0.7977695911733966
672,1.2778422496850537,167.73079598844225,1.1081854473867936,0.7033035187009751
673,2.313479947244563,62.622263573508256,1.1847007850145184,0.88400198996641
674,2.4367053149610367,80.70446060417929,1.1848002083719202,1.0125841875655865
675,1.1029232173333827,76.32993378871276,0.9357166928241225,0.8477715120725527
676,2.520233977212407,160.9192691087564,1.3855155844524774,1.0445232120296581
677,1.0315302914737958,199.8179333487205,1.0875586954955718,0.9165597565382059
678,2.402415668207471,142.15707413927066,1.381783380293557,1.135205103945606
679,2.197394910710898,188.6990099102661,0.8452121171892059,1.261398030960287
680,1.494973206041761,189.89878567008122,1.252787120112921,1.0914026597544497
681,2.015793651845912,97.253438999044,0.8889497865742594,0.6742397325683451
682,1.991799858536432,148.65926163718012,1.096407530546105,1.362692514871346
683,2.919242576324838,85.62288022122223,1.3182975291780763,1.0955111613095896
684,2.7385356321480345,110.93456498966549,1.121561406021677,0.8804203332514365
685,2.8477782256226245,102.81233467457477,0.893739228448273,0.6562735680163062
686,2.4885618103341995,184.6842468994989,1.2285656082473504,1.0798564394811307
687,1.7301575131414069,68.36390881503942,1.3220738459763586,0.8755691069706533
688,1.5392062723691713,154.5726370294331,1.208175324864348,0.7430132302421102
689,2.8287367182147793,147.62264041786835,0.6108386315907821,1.1550004732880907
690,1.079139392459455,96.7450892897051,1.0386245857065972,1.0359731028085215
691,1.9618119735627464,69.62928817156647,1.381139496311676,1.0616129866007147
692,1.0425594696921694,141.91690799829217,1.120438792923498,1.0628564722255287
693,1.0821467456731226,132.43425413582003,0.9141092434013092,0.6114515495958847
694,1.4435864159136615,173.54450016629823,0.7649100786520431,0.9476091515437277
695,1.1238197430869044,125.92599321036214,1.3015471833141785,0.9730397049830352
696,1.9550631713412274,122.27002274765789,1.0161239287300625,0.8659416831564251
697,1.4100510153837222,79.74071722729593,1.1436043414013908,1.3022274010731398
698,2.915280938531212,86.26752477347267,0.958171592796203,1.2137293268011256
699,2.28130292929459,153.758242859894,0.7403620359531284,1.0204066899444175
700,2.6317398968764394,186.7136520431234,0.8355393688320993,1.0686604541680929
701,2.8683984399849938,83.74238036448068,0.6108016077073434,0.6952954422294823
702,1.4415678217328833,87.56664113675353,0.8946637591509117,0.8029131521506934
703,1.7307252841049299,118.9265935046305,1.2541500852965781,0.984793070820648
704,1.136715723425446,109.5721388654345,0.7069976089048713,1.2531449911242234
705,2.6659482435757846,135.91611955608658,0.8842636661540535,1.0350670616961275
706,1.5640876012233926,78.51981943994727,0.6273418746805072,1.2851523690108044
707,2.105268540274354,132.75287080442854,0.7519553628028373,0.6720535144512125
708,2.0692089894015337,53.1771953831554,0.8496999617724661,0.761593159381611
709,1.694017714855355,108.92321850779992,1.0802632197637754,0.6938685147473506
710,2.511730775748724,74.35832359512423,1.28765563120218,1.0320062117982536
711,2.331754824073272,187.114682861702,0.9952358527367136,1.370917381554448
712,2.0640902295687997,90.46236089467953,0.9329743140471393,0.8915393642389525
713,2.045241881956113,116.39598924329074,1.3768438939520529,0.7731584691993594
714,2.3988417272231244,177.11446567528833,0.6393242069291178,1.0793556909826107
715,1.5768495611515354,139.2313613368205,0.8924176446893883,1.192626074605891
716,1.741373880162537,56.726517765806314,0.8267043389089861,1.010651287090513
717,2.182511133610629,62.50323020106377,1.000762155130191,0.7286944569282379
718,1.6962325511601541,86.94218018618292,0.6109950605742094,1.3699139352798624
719,2.2864307112809215,155.94896325362072,0.8874956945735506,0.763610022571912
720,2.55949791737486,85.17993966413877,0.8727878415150792,1.1935445463495522
721,1.86274014079979,160.6625913695566,0.7229974067629088,0.7504487148649577
722,2.9853916061054138,169.1185625230463,0.8591994304874467,1.2209980009512997
723,1.1763621069986347,170.3139530979071,1.27575743613173,1.3114591077208897
724,2.2995827510792632,179.23071140321903,0.9353262707598142,1.0489964074418379
725,2.5285062835198824,93.2309154639704,1.1185118894462878,1.0649011928715697
726,2.676982253621812,177.54560994422417,0.7404402947194462,0.7345608669729455
727,1.4427798656998163,67.73705601937853,0.6337924389993184,0.6907375232050419
728,2.332736532587459,171.2979866864448,0.6922601029392423,1.024076211928721
729,2.4048314509488566,86.00040216086218,1.2697849541747286,1.0399007758737158
730,2.9335353890011806,198.4619657650315,0.6053251546302295,1.1879140824390049
731,1.5060798710546655,83.6972816064628,1.3002832148087242,0.857880244250854
732,2.942207074256457,146.74674382833723,0.9193463765712868,1.0222828662858643
733,1.9986515118143244,61.45811528442603,0.7646375745300329,0.6721497039182648
734,2.5007509451745458,106.51731691882594,0.9123827735394915,0.8186868303429388
735,1.851598770158224,162.9598049402088,1.0166221570660625,1.2933731665831618
736,2.201197191013403,149.8213151389116,1.353552722801774,0.6909933329426434
737,2.889023228205735,137.27822092821773,0.9149241169168502,0.6423168449975002
738,1.7803627048105874,77.12205307645641,0.9463447890281624,0.7882915790270922
739,1.9913115479073318,157.39659003488015,0.6527903901308625,0.8127235853753416
740,1.366400673293616,163.43744480962516,0.7486700753223765,1.2467340851654352
741,2.4541839162780876,152.3802547339679,1.198463122779413,0.7208244945484639
742,2.555939157772172,124.37490543741708,1.1914603246401647,1.3152872607117665
743,2.7194840671175395,151.00841210977572,0.9911031811630956,0.7719972024128493
744,1.263646563853363,181.28064941035728,0.6241258826311334,1.232126800470486
745,2.8902444650060017,148.5623277476283,1.2677660747061839,1.3995658840800207
746,1.5839495259464356,128.87749070348727,1.2075521927542965,0.7135772254592537
747,1.8150169739953785,63.068799531850225,1.2212798450414017,1.1387347363689737
748,1.4868416268746214,161.33148262348044,0.873001200142498,0.8928491914510841
749,1.0915608886265087,94.79969059861341,1.0361986517141382,0.6373950364910013
750,2.5848206089946517,147.1847763616202,0.7746148666322753,1.358979642430181
751,2.438501041691777,100.23007848530312,0.9537834415626081,1.1884224247467707
752,1.9966292035164543,133.23067275346045,1.0498411023892456,0.8048852090158931
753,1.6773261505984958,111.45743815468776,1.146629703156628,0.9880103528765034
754,1.0560599204428636,57.973674377745525,0.895268794254751,1.3002975042831442
755,1.6065527875461387,116.15983843059435,0.6712169959622065,1.1321807264089365
756,1.7808525441019831,103.8139730898326,1.0020727160310179,0.602962949261111
757,1.4276349012643748,132.34313723381268,1.1814544098848465,0.9225060152263627
758,1.013548414087449,91.20115989368921,1.0860931593109597,0.9276988891961143
759,1.6527706055653402,54.27931385183618,1.386868495176906,1.2129439687181798
760,1.020828589311009,102.38541920289305,1.180312753852042,1.339635126378301
761,2.511311468655939,93.43929171214073,1.3685684157531213,1.3511522594837708
762,1.7479240116965724,55.19110539732895,0.7162072430218425,0.9089460833580477
763,1.7654277078687377,73.78311887133832,1.1387684059330172,0.9106568044817474
764,2.059100102625895,114.61995533942249,1.3691645990019652,1.2406989287155943
765,2.3739137742593917,131.23618386621382,0.9418622725147212,0.6888287880316649
766,2.2856886820854845,77.97251983825547,1.0992090750528785,0.9352550487196722
767,1.942201716916333,111.24902318832021,0.7648020188399661,0.8345341941407807
768,1.5814071453460676,75.01013428080272,0.7929033063404058,1.04345626553786
769,2.073874906424238,123.73980108077767,0.8450071832325509,1.377083734682479
770,1.816937408033438,176.1677795084045,0.99341589101265,0.9913409135104742
771,1.8486389431603627,112.31545796854473,0.6654667184400749,1.0002205044319756
772,2.971311412947573,106.03960997664862,1.3830269972474558,0.8439235542254
773,1.1405478246619105,102.38951831796285,0.9686176155311843,0.7883220817441386
774,2.043727274984663,180.25433626088576,0.6208593610587035,0.996721586344856
775,1.5357670489233932,155.7931940828104,0.7289069947840523,0.9257908321308737
776,1.5274152801189682,161.80745320131007,0.807129077342895,0.7927971446710007
777,2.6138587755758107,159.6478436270781,1.1204391639319806,1.3597864187569013
778,1.5089259116081721,149.44846183446802,1.185401249881797,0.6853229940916267
779,1.3445718563507065,175.12742809138126,0.9435339702073051,1.0577773356963893
780,1.4585591280027435,107.74249706649502,0.6055755709249938,0.8582780752451257
781,1.9075127293445484,115.33619508821117,1.2014866309350118,0.811854280178159
782,2.8434198931398056,81.22888662299445,1.013110068730334,0.7193076990295543
783,1.8052445841298304,185.49369816936544,0.797969330215557,1.1796671707122472
784,2.176547645279409,193.09321136605817,1.1262474985663706,1.3416347948943603
785,2.8043781787187547,79.4054209353985,1.0128861379866896,1.1054720869252561
786,1.4317727203784587,156.7436474208431,1.3437825036080575,1.2093008728986998
787,1.5671136128793084,92.53738649076854,0.6922093397941733,0.828975010644383
788,2.571982428251581,87.54808804797452,1.1264597564595993,0.8067729748103445
789,2.981446111336332,165.1001755761111,1.3302735038155509,0.7334127739959851
790,2.987633427897922,162.0638708336537,0.6469676268221748,1.0083633303081225
791,1.195341663375796,116.03754864768874,1.0592515147820438,1.3965790328959409
792,2.658493923929303,97.62348219650002,0.9876669404180698,0.834514176257311
793,1.0121809704660278,83.80730639495502,1.3022205315280577,0.6133322735459376
794,2.117996905758133,194.09777845855672,0.7235158465205557,0.839693403133434
795,2.4622713256497213,170.0525125742586,1.2302384389543897,1.2927649833920327
796,1.5354946011851962,89.16170336816658,1.3432404429747042,0.7737200158626591
797,2.984910106666197,148.72782517405335,0.758184758945086,1.2277535467411864
798,2.6682358585431505,183.70891266021857,0.7421887376333673,0.7373548201408092
799,1.176775011948173,192.32611855092372,1.1847037084723828,1.0799992723557377
800,1.7345751097037585,122.03456610864313,1.3072066215561793,0.6258756702080304
801,2.414430949847662,112.55744541378883,1.215742095323629,1.1141015393255538
802,1.4297435186422531,57.20576439068063,1.3180991956515724,1.0061146678707766
803,1.9258651009566392,100.95152011666505,1.3662077703852549,0.9002530128017519
804,1.373792754242921,155.4724156752584,0.7929186388457587,1.1505090650620762
805,2.7791319423690903,192.278315009706,0.8354547310693013,1.2741644629133368
806,1.079835832407024,137.5986929909272,1.3734696055235895,0.8231097091095894
807,1.9487415672295487,134.44256548152208,1.3138833740067402,1.2589685292500559
808,1.877639612397216,79.04363460525893,0.8798963505322791,0.6387178439192219
809,2.9164758049630617,155.8938629031616,0.9533923418258392,1.1824873731429377
810,1.1756123881845792,69.07443176378368,1.0224963252448511,1.1851481855678117
811,1.090065973704361,99.29433476266792,0.8255180196910473,1.2392662540515982
812,2.6598351460427647,136.4940641205526,1.2709232368710972,1.3493928265748663
813,1.9407720678181914,161.13500858701516,0.9210154713315998,0.9259225012402416
814,1.1716577500763983,175.32604461226117,0.7927342923443053,1.3370176071833366
815,1.7289557445008463,170.51506737337797,0.7473094072843083,0.9830677142616286
816,2.875958153681254,104.68057670768317,0.7656627291869097,1.0417924889666084
817,2.0461073480485172,62.31726504146335,1.3763400194772235,1.0410302527955668
818,1.7570025120122907,91.31966118006187,0.8339198428141472,1.0434036517140182
819,2.39793156656982,175.0704537280927,0.7877824968291935,1.1108126597696928
820,1.6792235081550584,89.32656965521001,0.6812705044784572,1.3176455229456625
821,1.5139353257848387,136.86140758465234,0.6209541125727867,0.6678762526381642
822,2.865040717283228,183.34419461659786,1.143154949273324,1.351292187167019
823,2.8211871962945194,132.36280662678894,0.8581467296936911,0.8351972722408381
824,1.0715247302845736,131.4376162390065,1.2752721789506876,0.880185958279178
825,1.3850999583028742,164.39015499867935,1.0677916495723176,1.2504319707758638
826,1.2494890728665313,155.47879236266772,0.8806289807092798,1.0643627484247948
827,2.5652650442766034,119.86305624557765,1.1492292105363624,0.6811392804083214
828,1.1437608572320914,105.05899881547352,1.18394430631658,1.1282180857293258
829,2.082055274775155,193.54834804231345,0.9775235272101257,0.7640914442583875
830,1.5442406982897006,114.21002803495138,0.9855555064524034,1.364794522713143
831,1.3027488241842402,177.23775150019938,0.8405380411817949,0.9229677541494636
832,1.6946459510899898,92.82896741131515,0.8844797952181511,1.3913167641413593
833,2.6143646053250755,111.50784786224588,0.6918041514275061,1.3502064984185078
834,2.961389859779771,141.94775122027477,1.3670531304073457,0.988607679947658
835,1.7700647151141167,139.8383438511927,1.2065520302590533,0.7546371592515766
836,2.9857847153300767,67.60129486047313,1.21867041543207,1.331974255129448
837,1.5393222873995114,53.990488489275954,0.8117466837409777,1.3387760518975114
838,2.4958422822444564,156.19296086449904,1.365945784858948,0.8824540917811546
839,2.994205403739186,59.37876819491801,0.632696514006144,1.0982078993744597
840,1.0915611641784866,53.863917432234906,0.8636803920991598,0.6397865645314661
841,2.1851012208032694,60.5183103381118,0.9664915334248918,1.1756354920477001
842,1.7444353875803265,191.91001997228824,0.6495339625562588,1.1149785509131704
843,2.9498912405984727,189.2160560941318,1.2686256941816274,1.3231656389112108
844,2.104940047294691,118.18765499794391,0.6287849194533978,0.726679154775666
845,2.30124827723853,98.34630217513231,0.9349572018514785,0.8750449972400167
846,2.1686662179908,81.36929811631308,1.1591791156829596,1.1098345882004899
847,2.113279939484073,80.13439035570768,1.0008058238737423,0.9861245729074515
848,2.3063899839378372,177.94945130416517,1.2560862831265354,0.840434192529236
849,1.7126804020439894,93.56734922224814,1.2572432066886527,1.0052959201526188
850,1.4647049971130826,77.95127135821986,1.2162269922923739,0.8854480686540454
851,1.7079471294036266,99.07192745892999,0.6026057989733041,1.0260563062469985
852,1.961892545708551,164.2968791420983,0.913947547134772,0.6309620208739591
853,2.7726835156082608,110.04308057974069,1.38353938705083,1.1713617398781302
854,1.5612595079303577,164.41182025244711,0.7782385827089856,0.8073923748194733
855,2.3802615214511236,159.33565895196276,0.8753806943651856,0.6296321340881739
856,1.179254006512521,86.22138709006167,0.8810587909299558,1.340623310706135
857,2.5951399560219732,174.4016298671615,1.2293812846774292,1.1136112357792205
858,1.705455037886303,65.72942814460595,1.0696932860253239,0.8086711933338564
859,1.9423667735897565,132.46849665504143,1.048245038130278,1.0130398969474739
860,1.050789226268608,95.35481855783038,1.0527055241787187,0.7555974297497123
861,1.4410522216011712,139.63744624344451,0.7444181473445874,0.9635367888194725
862,1.573872161806164,147.44469343014066,0.8607888859782431,0.8021132745667989
863,2.8080331161384056,70.56163662862174,0.925348103379508,0.614083672379727
864,1.7198607293080885,112.50631321981388,0.9685446755761147,0.613105551467967
865,1.5157681830515017,99.01642702287312,1.12505906999208,0.6756252310967148
866,2.1827140802068143,109.53236904994205,1.2333822451958878,1.214164798082751
867,2.3302648800725327,151.12522308284684,1.326256519767884,0.7623722255157382
868,2.1351969910957287,84.27731792250881,1.3478731523632497,1.320674849178319
869,1.9260123834837202,96.7038513358318,1.1595595273087969,0.9370627465965311
870,2.639225609953124,53.638723762576475,1.2096267090966442,0.7654477917092761
871,1.0586324273990924,85.23057501376306,1.3274755110430478,1.1080763676923577
872,1.9835754069014997,194.11146644603213,1.1312027447359632,0.661632800482576
873,2.2496819008563707,97.56115874457886,1.3587900064418235,0.941652660779591
874,1.6628020970572976,144.09536207094888,1.2711546466596417,1.1510433440857608
875,1.9486431806432871,185.02012611503753,0.6099381002161157,0.6684539186210935
876,2.174263229416272,131.662538012144,1.2665314932147584,1.1645934246110605
877,1.1001598065843718,109.79731531940828,1.3249253314253027,1.1169930704447042
878,1.416613316227193,58.672078605768434,1.3597420718857267,0.6276534342153376
879,1.9689004308326563,189.55855557872388,1.1609210011840425,0.6891905497978125
880,1.3770989280722952,124.31681399255655,1.2148085054935311,0.7865198102191376
881,2.5867997911259293,144.96551647236203,0.6250822849189233,1.3847634971667317
882,2.0543661636095303,128.32635579794754,0.7469670704287643,1.3726894195096842
883,1.2757751958041346,124.14503810808155,1.0166425878524472,0.6205803230601062
884,2.426327969530921,137.7159103931492,1.2861431402787433,1.2773559611650669
885,1.3645708962639373,128.23896321339308,1.3658582079418715,0.7056358983374613
886,2.5937113325134846,142.45628006422749,1.2105168907733816,0.8501297835359505
887,2.926636830116017,56.51088721114766,0.8054534837029541,1.1603927399591112
888,1.5578147618397673,116.86179526639062,1.2120897519452578,0.644743000709434
889,1.526454463780449,113.41693740981441,0.6047837913116992,0.9101524731113089
890,1.7199512134264443,97.62480495042087,0.8368612306887933,1.0455177489275695
891,2.7424210865173198,51.59924625715104,0.9696590710158886,0.9427218633048324
892,1.3331202254862018,139.13275194910102,1.3406722879022621,1.286213122202559
893,2.3203192960259473,95.9020944287742,0.9529216715762203,1.2469185110625451
894,2.0675869809584766,82.8311120070461,1.0227405317894636,0.7875053250619883
895,1.719591403200491,149.85000926185484,0.644975731705241,0.6257284463791444
896,2.1419502787330664,144.76795831660132,1.106640173893116,0.9328944838124738
897,2.416211026599388,66.58415427224425,1.0399850991192165,0.780942347198895
898,2.9947466530648352,108.05747524262944,1.224869121467076,0.9217979761517838
899,2.3021528195864245,199.59192735350547,1.2759589151877786,1.1030945568178026
900,1.6687103200237283,106.58968873042107,1.1916723496077872,0.8083577690724443
901,2.1290642258826695,88.61246173275305,0.926446936383611,0.7898264806616624
902,1.7813961611092965,198.09739079433294,0.805480249312045,0.6215446792480818
903,2.363202178607141,77.07910981582705,1.3438901797210754,1.20530727631894
904,1.9511923842161736,177.27337239244434,0.6115340292804845,1.0170179797079293
905,2.9970141959061154,125.55918975228616,0.9505283583779989,0.9731294477766067
906,1.608527691896023,58.833524703094206,1.0614011203572986,1.1457324581326365
907,2.3051233123759656,183.30281233386486,0.8353070459846923,0.7878929975668557
908,2.4493695210678212,73.45652963988094,0.850079120666637,1.0257486762709247
909,1.2079158514440305,108.01295654055575,1.3126149679494759,1.281228219970269
910,1.5735185690221134,58.921041166883796,0.7928869829708565,1.1766481269289386
911,2.753528847183312,191.0378718551792,1.2013660492280018,0.82738810518621
912,2.2185782758157684,164.1145416070255,1.0180873416665157,0.7803156195943175
913,2.9790948862188094,103.61612512272043,1.1458708275237741,1.0497149068769513
914,1.5914925014124797,161.12444713652792,0.7199432270804755,1.0473303073083846
915,1.8631286542366465,157.96939044964284,0.9533113244968792,0.8099060713072699
916,2.9949999839424404,159.0076284769972,1.393119636878659,0.9122150448098583
917,1.6275984585486227,182.00677122299552,0.9489297325052105,0.6818940318665194
918,1.8414947181980383,60.15391979215637,1.2231072412902573,0.9281527126157862
919,2.6510736380508333,153.21737005800492,0.771698762258612,0.6873746957518029
920,2.2611999965158196,137.28425203374758,1.187702358882186,0.6560199246398452
921,1.579370552558408,185.177640811275,1.1228914676783965,1.3569990952464934
922,1.4806162408935872,150.2148375488298,0.8150508964243178,1.1410207930684433
923,2.001331498602678,157.9488789275576,0.672052399843003,1.3848202739360802
924,2.238708690644584,92.3293336707483,0.6654961831402009,1.1547281367447102
925,2.2505886174832233,155.18034293158314,0.941738011185359,0.9100561102798904
926,2.146536451265688,128.28421425213804,0.7515424231638413,0.9016761265982364
927,2.6998039543494934,178.56648319194503,1.3266760467183283,0.7982286881134244
928,2.9415063175067666,198.65016508533066,1.0470464521232177,0.8673959783882123
929,1.3682323006179238,108.48509531721967,1.0823951010397985,1.0165947441457879
930,1.8347003085216935,141.57316670824653,0.7124384884847439,1.203376746482827
931,2.4391968582094448,138.4650485230082,1.3846174659046186,0.931294366460591
932,2.564541501509943,170.75195654519763,0.7892190273744613,0.9412843849361756
933,2.2404335913328106,116.03613131450868,1.3639933369036004,0.7968053563363868
934,1.884306545642036,156.27883031088268,1.2848815129118294,0.7897727912621822
935,2.2266348788260055,160.7240680146928,0.876929119262797,1.1129011798530917
936,1.7203277384610514,180.96976248346874,0.7421936028657664,0.8497808016560762
937,1.4915140569611962,185.63066398674127,1.1868595925047651,1.2470308429879084
938,2.329980537121254,112.2817681534545,1.1915240236505418,0.7660157526568029
939,1.0405942133393904,88.53501494953684,1.2515223919291023,1.3048278352725293
940,2.5606158382623123,121.67032894310762,0.9055330289034775,0.8427973315580455
941,2.7255062900155096,197.43079245279313,0.8661057922393685,1.129182514086675
942,1.4395136137858922,199.4604085684234,1.0121330064664993,0.742779553090835
943,2.3135450580315897,59.31974820540232,0.7822944031866297,1.1577805699832073
944,2.6320904526996856,50.399991388432746,1.119417193533634,1.1329925951601019
945,2.3617300929827025,90.16844953709071,0.9713538647905369,0.6966202551955808
946,1.1305026750373421,66.75375835828892,1.2205270888655284,1.1809424515605063
947,2.4362089308494514,119.93318939038377,1.3671406180065324,1.0569530733811816
948,1.5066976875905618,142.66311305336095,0.9025397990981702,0.9644365525088219
949,1.0360790257789103,152.23517278447252,0.9795883215864262,1.280961202816911
950,1.6907571289037882,90.19910171315777,1.3069421912349197,0.6284896946766058
951,1.1539317505948714,159.27250968942292,0.7918291944935412,1.2378133856741695
952,2.6795869434308326,179.32236579016606,0.6074054374065383,1.3557017102588658
953,1.3356257125460498,67.18300943250635,0.8541878974470352,0.6102341512214555
954,2.4596428082030806,65.43221243747597,0.8487835639234667,1.2191700171584916
955,1.050153804986577,132.01061774535495,0.9922402764143872,0.6334130468352944
956,1.1188143275154276,66.46230194945772,1.2158798331599974,1.2952143179909907
957,2.44427935598553,154.09292991629223,0.8900388793918375,0.6564966268264695
958,2.632917292387024,151.95836534730455,1.1467103486159889,1.1462478463668488
959,1.2544434097304291,84.00328768134466,0.626228073064127,1.050658355509656
960,2.7035323560968534,196.23963065753796,1.1994346748589342,0.867202926455109
961,2.177628118739377,133.43371401678414,1.1620073663657602,0.6500685867824384
962,1.5173258715496671,90.72146567537217,0.8467663378065788,0.874782166614821
963,2.6535567031111524,184.09326260612005,0.6864347839898306,0.7927261873913113
964,1.0115298375899975,113.87545803221761,1.238676949009244,1.0219224167795415
965,2.183693302295401,132.55230974979594,0.69821389983672,0.6099172486761206
966,1.7065390114840864,116.29428977089445,0.8329816151233534,0.7262246980950335
967,2.3404806438277186,93.05099163881134,0.7415145218351364,0.646985805920098
968,1.871367746775525,71.62082406870039,1.3146283114047836,1.169400941726538
969,2.0173878555543476,51.53620816938439,0.7135409681275463,0.8854057489214466
970,1.2917957778187197,196.9165993460793,0.825366741443783,1.1242300570217054
971,2.286023173527216,141.28489140416465,1.3015989477321956,1.2576180864187383
972,1.4486463006037593,51.67903924904592,0.9673539897160406,1.111786014222252
973,2.281048842494699,105.86392420650225,0.9798912561799701,1.0870942241845671
974,2.375369903412846,138.51781310915646,0.6571101629820153,1.3674649467209434
975,1.8903517726963484,166.0143101577629,1.2633029170567207,0.9266068073270602
976,2.1280365681606064,173.6037703569679,0.7107924561882357,1.1975341701619353
977,1.7867476474107908,66.3835898629414,1.2381087635879953,1.3995729387999147
978,1.6010774709764064,148.84059096556854,0.7235601418034696,1.282646146153229
979,2.558391677408045,143.9429916526115,1.004969814425515,0.8007955358504899
980,1.929719032816677,72.36348520158415,0.6908040288691231,1.2204548689975798
981,2.519994494076488,78.46977335424968,0.9550952979967899,0.6202325045773582
982,1.7404583522651074,86.01335552018672,1.1876286787679504,0.9703876385394556
983,2.4666785632061075,52.35230272546147,0.9425497279848434,1.1227301754045362
984,1.0156127730363944,73.00104053403484,0.6008092683781475,0.750279044914901
985,1.3091748837730712,70.97019883093837,1.2742362783758958,0.627790066495825
986,2.157290911743253,103.57096823842342,0.8402800237278903,1.2748569415439508
987,1.6008559745189022,93.89167502206917,0.8688734094418646,0.9126277266901641
988,1.8399210822155867,98.71638522071126,0.8772799185809098,1.2644275197414285
989,1.8412833867442515,181.8927175739501,1.1515175250120127,0.831839209907588
990,2.6823468273968643,198.43719651070796,1.3710031396245472,0.6890103311792247
991,2.753114362411792,59.87100183919858,1.0361325825152932,1.3103454601422233
992,1.5335048158261841,74.95639051921677,1.1902966080987034,0.8216555817278475
993,1.8468524332097698,169.39110817677243,0.6494217702243945,0.7859018776699398
994,2.005962465984436,53.44269847545562,1.3558135644660987,1.1371132503541812
995,1.380444018646673,160.11318497126518,1.1456020560746578,1.3675398732877069
996,1.6777386389587667,161.8529265203722,1.3726852875115783,1.363727170835027
997,1.2496968300802638,126.46271472502872,1.0502171117444017,0.9236253644661508
998,2.780887766272536,199.9901626449601,0.8178597154086376,0.6185472017988629
999,2.9376373186043834,160.42025323647024,0.9120756932827906,0.8361315093859485
